,symbol,assets,open,high,low,ltP,chn,per,qty,trdVal,nav,wkhi,wklo,xDt,cAct,yPC,mPC,prevClose,nearWKH,nearWKL,chartTodayPath,perChange365d,date365dAgo,chart365dPath,date30dAgo,perChange30d,chart30dPath,meta.symbol,meta.companyName,meta.industry,meta.activeSeries,meta.debtSeries,meta.tempSuspendedSeries,meta.isFNOSec,meta.isCASec,meta.isSLBSec,meta.isDebtSec,meta.isSuspended,meta.isETFSec,meta.isDelisted,meta.isin
0,PSUBNKBEES,Nifty PSU Bank,27.99,28.9,27.99,28.85,1.02,3.67,1236801,35347772.58,,35.8,24.07,19-DEC-19, FACE VALUE SPLIT (SUB-DIVISION) - FROM RS 10/- TO RS 1/-,4.7947693425354165,2.5595449697831585,27.83,19.41340782122904,-19.85874532613212,https://static.nseindia.com/sparklines/today/PSUBNKBEESEQN.jpg,1.09,06-Jul-2021,https://static.nseindia.com/sparklines/365d/PSUBNKBEES-EQ.jpg,06-Jun-2022,-1.07,https://static.nseindia.com/sparklines/30d/PSUBNKBEES-EQ.jpg,PSUBNKBEES,NIPPON INDIA ETF PSU BANK BEES,MUTUAL FUND,['EQ'],[],[],False,False,True,False,False,True,False,INF204KB16I7
1,KOTAKPSUBK,Nifty PSU Bank,250,257.5,250,257.5,8.05,3.23,13268,3373787.04,,305.9,217.05,09-MAR-17, DIVIVEND - RS 7/- PER UNIT,4.310135299359955,2.202818019448308,249.45,15.822164105916961,-18.63625892651462,https://static.nseindia.com/sparklines/today/KOTAKPSUBKEQN.jpg,1.05,06-Jul-2021,https://static.nseindia.com/sparklines/365d/KOTAKPSUBK-EQ.jpg,06-Jun-2022,-0.99,https://static.nseindia.com/sparklines/30d/KOTAKPSUBK-EQ.jpg,KOTAKPSUBK,Kotak Mahindra Mutual Fund,MUTUAL FUND,['EQ'],[],[],False,False,True,False,False,True,False,INF373I01023
2,KOTAKIT,NIFTY IT Index,28.64,29.09,28.22,29,0.63,2.22,50421,1456158.48,,46,24,-,-,0.5547850208044388,-4.605263157894733,28.37,36.95652173913044,-20.833333333333332,https://static.nseindia.com/sparklines/today/KOTAKITEQN.jpg,-1.63,06-Jul-2021,https://static.nseindia.com/sparklines/365d/KOTAKIT-EQ.jpg,06-Jun-2022,-6.68,https://static.nseindia.com/sparklines/30d/KOTAKIT-EQ.jpg,KOTAKIT,Kotak Mahindra Mutual Fund - KOTAK IT ETF - Kotak IT ETF,,['EQ'],[],[],False,False,True,False,False,True,False,INF174KA1GC5
3,UTIBANKETF,Nifty Bank,34.8,35.23,34.75,35.23,0.73,2.12,6325,220805.75,,45,31.99,17-FEB-21, FACE VALUE SPLIT (SUB-DIVISION) - FROM RS 10/- PER UNIT TO RE 1/- PER UNIT,-0.816441441441459,-0.7605633802816989,34.5,21.71111111111112,-10.128165051578614,https://static.nseindia.com/sparklines/today/UTIBANKETFEQN.jpg,-2.87,06-Jul-2021,https://static.nseindia.com/sparklines/365d/UTIBANKETF-EQ.jpg,06-Jun-2022,-2.82,https://static.nseindia.com/sparklines/30d/UTIBANKETF-EQ.jpg,UTIBANKETF,UTI Nifty Bank ETF,,['EQ'],[],[],False,False,True,False,False,True,False,INF789F1AUV1
4,ABSLBANETF,Nifty Bank,34.05,34.95,34.05,34.95,0.69,2.01,4907,170125.69,,415.21,29,25-NOV-21, FACE VALUE SPLIT (SUB-DIVISION) - FROM RS 10/- PER SHARE TO RE 1/- PER SHARE,-90.11874469889737,-0.7102272727272727,34.26,91.58257267406854,-20.517241379310352,https://static.nseindia.com/sparklines/today/ABSLBANETFEQN.jpg,-90.31,06-Jul-2021,https://static.nseindia.com/sparklines/365d/ABSLBANETF-EQ.jpg,06-Jun-2022,-2.67,https://static.nseindia.com/sparklines/30d/ABSLBANETF-EQ.jpg,ABSLBANETF,Aditya Birla Sun Life Mutual Fund - Aditya Birla Sun Life Banking ETF,,['EQ'],[],[],False,False,True,False,False,True,False,INF209KB17D5
5,ICICIB22,S&P BSE BHARAT 22 index,46.54,47,46.08,46.98,0.9,1.95,65791,3067176.42,,52.7,38.2,-,-,17.361978516112902,-2.328482328482338,46.08,10.853889943074014,-22.98429319371726,https://static.nseindia.com/sparklines/today/ICICIB22EQN.jpg,15.11,06-Jul-2021,https://static.nseindia.com/sparklines/365d/ICICIB22-EQ.jpg,06-Jun-2022,-4.2,https://static.nseindia.com/sparklines/30d/ICICIB22-EQ.jpg,ICICIB22,ICICI Prudential Mutual Fund - BHARAT 22 ETF,,['EQ'],[],[],False,False,True,False,False,True,False,INF109KB15Y7
6,SETFNIFBK,Nifty Bank,348,350,344,350,6.55,1.91,50123,17430774.48,,420,316.2,02-NOV-17, DIVIDEND - RS 3.50 PER UNIT,-1.3083690503045304,-0.8975847325650581,343.45,16.666666666666668,-10.689437065148644,https://static.nseindia.com/sparklines/today/SETFNIFBKEQN.jpg,-3.16,06-Jul-2021,https://static.nseindia.com/sparklines/365d/SETFNIFBK-EQ.jpg,06-Jun-2022,-2.75,https://static.nseindia.com/sparklines/30d/SETFNIFBK-EQ.jpg,SETFNIFBK,SBI-ETF Nifty Bank,MUTUAL FUND,['EQ'],[],[],False,False,True,False,False,True,False,INF200KA1580
7,MONQ50,Nasdaq Q-50 Total Return Index,53.7,54,52.2,53.85,0.99,1.87,3720,198908.4,,78,45,-,-,Infinity,2.845683728036673,52.86,30.96153846153846,-19.666666666666668,https://static.nseindia.com/sparklines/today/MONQ50EQN.jpg,-,-,-,06-Jun-2022,0.95,https://static.nseindia.com/sparklines/30d/MONQ50-EQ.jpg,MONQ50,Motilal Oswal Mutual Fund - Motilal Oswal Nasdaq Q 50 ETF,,['EQ'],[],[],False,False,True,False,False,True,False,INF247L01AU3
8,ICICIBANKN,Nifty Bank,352,352,342.8,349.89,6.42,1.87,20798,7234584.3,,449.7,298.5,-,-,-1.0967577804788409,-1.0044137618832083,343.47,22.194796531020682,-17.216080402010043,https://static.nseindia.com/sparklines/today/ICICIBANKNEQN.jpg,-2.91,06-Jul-2021,https://static.nseindia.com/sparklines/365d/ICICIBANKN-EQ.jpg,06-Jun-2022,-2.82,https://static.nseindia.com/sparklines/30d/ICICIBANKN-EQ.jpg,ICICIBANKN,ICICI Prudential Nifty Bank ETF - NIFTY BANK INDEX,,['EQ'],[],[],False,False,True,False,False,True,False,INF109KC1E27
9,AXISBNKETF,Nifty Bank,348.55,351.49,347.72,351.38,6.38,1.85,1437,502145.28,,449.4,320,-,-,-1.2172837423744016,-1.1339016910047632,345,21.811303960836668,-9.806249999999999,https://static.nseindia.com/sparklines/today/AXISBNKETFEQN.jpg,-3.01,06-Jul-2021,https://static.nseindia.com/sparklines/365d/AXISBNKETF-EQ.jpg,06-Jun-2022,-2.93,https://static.nseindia.com/sparklines/30d/AXISBNKETF-EQ.jpg,AXISBNKETF,AXIS MUTUAL FUND - Axis NIFTY Bank ETF,,['EQ'],[],[],False,False,True,False,False,True,False,INF846K01X63
10,KOTAKALPHA,NIFTY Alpha 50 Index,25.65,26.41,25.53,26.1,0.47,1.83,4237157,110801655.55,,41,24.36,-,-,Infinity,-8.581436077057791,25.63,36.34146341463414,-7.142857142857151,https://static.nseindia.com/sparklines/today/KOTAKALPHAEQN.jpg,-,-,-,06-Jun-2022,-10.23,https://static.nseindia.com/sparklines/30d/KOTAKALPHA-EQ.jpg,KOTAKALPHA,Kotak Mahindra Mutual Fund - Kotak Nifty Alpha 50 ETF,,['EQ'],[],[],False,False,True,False,False,True,False,INF174KA1IA5
11,CPSEETF,CPSE ETF,31.19,31.59,31.1,31.47,0.56,1.81,1693182,53182846.62,,38.8,24.3,-,-,20.160366552119118,-10.265183917878533,30.91,18.891752577319583,-29.506172839506164,https://static.nseindia.com/sparklines/today/CPSEETFEQN.jpg,18.02,06-Jul-2021,https://static.nseindia.com/sparklines/365d/CPSEETF-EQ.jpg,06-Jun-2022,-11.86,https://static.nseindia.com/sparklines/30d/CPSEETF-EQ.jpg,CPSEETF,CPSE ETF,MUTUAL FUND,['EQ'],[],[],False,False,True,False,False,True,False,INF457M01133
12,HBANKETF,Nifty Bank,337.75,351,337.75,350.83,6.21,1.80,2551,890426.55,,419.95,305.9,-,-,-1.3136427566807358,-0.9094760627030157,344.62,16.459102274080248,-14.687806472703501,https://static.nseindia.com/sparklines/today/HBANKETFEQN.jpg,-3.06,06-Jul-2021,https://static.nseindia.com/sparklines/365d/HBANKETF-EQ.jpg,06-Jun-2022,-2.66,https://static.nseindia.com/sparklines/30d/HBANKETF-EQ.jpg,HBANKETF,HDFC Mutual Fund - HDFC Banking ETF,,['EQ'],[],[],False,False,True,False,False,True,False,INF179KC1AN8
13,ICICIBANKP,Nifty Private Bank Index,170.03,174.15,170.03,174.15,3.01,1.76,73005,12629865,,227.7,161.5,-,-,-5.1160509970578545,-2.546166759932839,171.14,23.517786561264817,-7.832817337461303,https://static.nseindia.com/sparklines/today/ICICIBANKPEQN.jpg,-6.76,06-Jul-2021,https://static.nseindia.com/sparklines/365d/ICICIBANKP-EQ.jpg,06-Jun-2022,-4.23,https://static.nseindia.com/sparklines/30d/ICICIBANKP-EQ.jpg,ICICIBANKP,ICICI Prudential Nifty Private Bank ETF - NIFTY PRIVATE BANK INDEX,,['EQ'],[],[],False,False,True,False,False,True,False,INF109KC1E35
14,SBIETFPB,Nifty Private Bank Index,173.99,176,173.82,176,3.01,1.74,9117,1592739.9,,222,163.75,-,-,-5.609782258929534,-2.923331494760072,172.99,20.72072072072072,-7.480916030534351,https://static.nseindia.com/sparklines/today/SBIETFPBEQN.jpg,-7.22,06-Jul-2021,https://static.nseindia.com/sparklines/365d/SBIETFPB-EQ.jpg,06-Jun-2022,-4.58,https://static.nseindia.com/sparklines/30d/SBIETFPB-EQ.jpg,SBIETFPB,SBI Mutual Fund - SBI ETF Private Bank - SBI ETF Private Bank,,['EQ'],[],[],False,False,True,False,False,True,False,INF200KA1S22
15,AUTOBEES,Nifty Auto TRI,122,122.24,120.03,122.24,2.07,1.72,219002,26713863.96,,123.6,101.36,-,-,Infinity,5.270409920771607,120.17,1.1003236245954688,-20.599842146803468,https://static.nseindia.com/sparklines/today/AUTOBEESEQN.jpg,-,-,-,06-Jun-2022,3.49,https://static.nseindia.com/sparklines/30d/AUTOBEES-EQ.jpg,AUTOBEES,Nippon India Mutual Fund - Nippon India Nifty Auto ETF,,['EQ'],[],[],False,False,False,False,False,True,False,INF204KC1337
16,ICICIMCAP,S&P BSE Midcap Select Index,96,96,92.01,95,1.58,1.69,4789,453039.4,,117.95,82.99,-,-,-1.09318063508589,0.6889242183359892,93.42,19.457397202204326,-14.471623087118937,https://static.nseindia.com/sparklines/today/ICICIMCAPEQN.jpg,-2.74,06-Jul-2021,https://static.nseindia.com/sparklines/365d/ICICIMCAP-EQ.jpg,06-Jun-2022,-0.99,https://static.nseindia.com/sparklines/30d/ICICIMCAP-EQ.jpg,ICICIMCAP,ICICI Prudential S&P BSE Midcap Select ETF,,['EQ'],[],[],False,False,True,False,False,True,False,INF109KB1XT3
17,BANKBEES,Nifty Bank,351,354.75,348.25,352.76,5.56,1.60,922929,323809639.65,,434.88,324.5,19-DEC-19, FACE VALUE SPLIT (SUB-DIVISION) - FROM RS 10/- TO RS 1/-,-1.3065495341745281,-1.0407607933346525,347.2,18.88337012509198,-8.708782742681045,https://static.nseindia.com/sparklines/today/BANKBEESEQN.jpg,-2.86,06-Jul-2021,https://static.nseindia.com/sparklines/365d/BANKBEES-EQ.jpg,06-Jun-2022,-2.6,https://static.nseindia.com/sparklines/30d/BANKBEES-EQ.jpg,BANKBEES,NIPPON INDIA ETF BANK BEES,MUTUAL FUND,['EQ'],[],[],False,False,True,False,False,True,False,INF204KB15I9
18,DIVOPPBEES,Nifty Dividend Opportunities 50 TRI,41.16,43.11,41.16,42.77,0.66,1.57,3807,161607.15,,50.3,39.16,-,-,Infinity,-2.1729185727355804,42.11,14.970178926441342,-9.218590398365697,https://static.nseindia.com/sparklines/today/DIVOPPBEESEQN.jpg,-,-,-,06-Jun-2022,-3.68,https://static.nseindia.com/sparklines/30d/DIVOPPBEES-EQ.jpg,DIVOPPBEES,NIPPON INDIA ETF DIVIDEND OPPORTUNITIES,,['EQ'],[],[],False,False,True,False,False,True,False,INF204KA1MS3
19,MID150BEES,Nifty Midcap 150 TRI,106,106.5,105,106.3,1.53,1.46,76016,8055415.52,,117.7,87.29,-,-,Infinity,-0.7654966392830539,104.77,9.6856414613424,-21.77798144117309,https://static.nseindia.com/sparklines/today/MID150BEESEQN.jpg,-,-,-,06-Jun-2022,-2.19,https://static.nseindia.com/sparklines/30d/MID150BEES-EQ.jpg,MID150BEES,NIPPON INDIA ETF NIFTY MIDCAP 150,,['EQ'],[],[],False,False,True,False,False,True,False,INF204KB1V68
20,UTISXN50,BSE Sensex Next 50,45.2,47.05,45.2,46.58,0.66,1.44,244,11363.08,,59,42,17-FEB-21, FACE VALUE SPLIT (SUB-DIVISION) - FROM RS 10/- PER UNIT TO RE 1/- PER UNIT,3.419182948490229,-0.02146383344066348,45.92,21.05084745762712,-10.904761904761902,https://static.nseindia.com/sparklines/today/UTISXN50EQN.jpg,1.95,06-Jul-2021,https://static.nseindia.com/sparklines/365d/UTISXN50-EQ.jpg,06-Jun-2022,-1.44,https://static.nseindia.com/sparklines/30d/UTISXN50-EQ.jpg,UTISXN50,UTI S&P BSE Sensex Next 50 ETF,,['EQ'],[],[],False,False,False,False,False,True,False,INF789F1AUU3
21,NPBET,Nifty Private Bank Index,179.98,179.98,176.02,178.16,2.5,1.42,422,74753.08,,228.89,163.54,-,-,-4.410344457559823,-3.816876315931541,175.66,22.163484643278426,-8.939708939708943,https://static.nseindia.com/sparklines/today/NPBETEQN.jpg,-5.75,06-Jul-2021,https://static.nseindia.com/sparklines/365d/NPBET-EQ.jpg,06-Jun-2022,-5.17,https://static.nseindia.com/sparklines/30d/NPBET-EQ.jpg,NPBET,Tata Nifty Private Bank Exchange Traded Fund,,['EQ'],[],[],False,False,True,False,False,True,False,INF277K010X4
22,ABSLNN50ET,Nifty Next 50,39.5,39.5,38.71,39.25,0.54,1.39,3906,153037.08,,520,34,25-NOV-21, FACE VALUE SPLIT (SUB-DIVISION) - FROM RS 10/- PER SHARE TO RE 1/- PER SHARE,-90.05951627200201,0.7185014113420609,38.71,92.45192307692308,-15.441176470588236,https://static.nseindia.com/sparklines/today/ABSLNN50ETEQN.jpg,-90.2,06-Jul-2021,https://static.nseindia.com/sparklines/365d/ABSLNN50ET-EQ.jpg,06-Jun-2022,-0.67,https://static.nseindia.com/sparklines/30d/ABSLNN50ET-EQ.jpg,ABSLNN50ET,Aditya Birla Sun Life Nifty Next 50 ETF,,['EQ'],[],[],False,False,True,False,False,True,False,INF209KB16D7
23,KOTAKBKETF,Nifty Bank,351.25,354,350.17,353.56,4.8,1.38,42940,15103286.2,,429.7,298.9,-,-,-1.3229137594194833,-1.2926100672827259,348.76,17.719339073772396,-18.287052525928413,https://static.nseindia.com/sparklines/today/KOTAKBKETFEQN.jpg,-2.66,06-Jul-2021,https://static.nseindia.com/sparklines/365d/KOTAKBKETF-EQ.jpg,06-Jun-2022,-2.63,https://static.nseindia.com/sparklines/30d/KOTAKBKETF-EQ.jpg,KOTAKBKETF,Kotak Mahindra MF - Kotak Banking ETF - Dividend Payout Option,MUTUAL FUND,['EQ'],[],[],False,False,True,False,False,True,False,INF174K01F59
24,IBMFNIFTY,Nifty 50,170.7,171.1,166.7,169.6,2.29,1.37,659,111252.38,,200,148.99,-,-,8.850523072973488,-4.1157847127996385,167.31,15.200000000000003,-13.833143163970727,https://static.nseindia.com/sparklines/today/IBMFNIFTYEQN.jpg,7.38,06-Jul-2021,https://static.nseindia.com/sparklines/365d/IBMFNIFTY-EQ.jpg,06-Jun-2022,-5.41,https://static.nseindia.com/sparklines/30d/IBMFNIFTY-EQ.jpg,IBMFNIFTY,Indiabulls Mutual Fund - Indiabulls Nifty50 Exchange Traded Fund,,['EQ'],[],[],False,False,False,False,False,True,False,INF666M01FS5
25,MOMOMENTUM,Nifty 200 Momentum 30 Total Return Index,165,167.9,165,166.5,2.21,1.35,11214,1870943.76,,225.34,150,-,-,Infinity,-5.687096408745889,164.29,26.1116535013757,-11.0,https://static.nseindia.com/sparklines/today/MOMOMENTUMEQN.jpg,-,-,-,06-Jun-2022,-6.94,https://static.nseindia.com/sparklines/30d/MOMOMENTUM-EQ.jpg,MOMOMENTUM,Motilal Oswal Mutual Fund - Motilal Oswal Nifty 200 Momentum 30 ETF,,['EQ'],[],[],False,False,False,False,False,True,False,INF247L01AX7
26,UTINEXT50,Nifty Next 50,40,40.93,39.69,40.22,0.53,1.34,1310921,52712133.41,,49.5,36.83,25-MAR-21, FACE VALUE SPLIT (SUB-DIVISION) - FROM RS 10/- PER UNIT TO Re 1/- PER UNIT,-0.4208962614508584,0.3493013972055903,39.69,18.74747474747475,-9.204452891664406,https://static.nseindia.com/sparklines/today/UTINEXT50EQN.jpg,-1.73,06-Jul-2021,https://static.nseindia.com/sparklines/365d/UTINEXT50-EQ.jpg,06-Jun-2022,-0.97,https://static.nseindia.com/sparklines/30d/UTINEXT50-EQ.jpg,UTINEXT50,UTI Mutual Fund - UTI NIfty Next 50 Exchange Traded Fund - UTI NIFTY N,,['EQ'],[],[],False,False,True,False,False,True,False,INF789F1AUW9
27,ICICI500,S&P BSE 500 index,22.99,23,22.31,22.98,0.3,1.32,119807,2743580.3,,29.95,21.23,28-OCT-21, FACE VALUE SPLIT (SUB-DIVISION) - FROM RS 10/- PER SHARE TO RE 1/- PER SHARE,-89.75570613409415,-2.0460358056266004,22.68,23.272120200333887,-8.243052284503062,https://static.nseindia.com/sparklines/today/ICICI500EQN.jpg,-89.89,06-Jul-2021,https://static.nseindia.com/sparklines/365d/ICICI500-EQ.jpg,06-Jun-2022,-3.32,https://static.nseindia.com/sparklines/30d/ICICI500-EQ.jpg,ICICI500,ICICI Prudential Mutual Fund - ICICI Prudential S&P BSE 500 ETF - NA,,['EQ'],[],[],False,False,True,False,False,True,False,INF109KC1V59
28,ICICIAUTO,Nifty Auto Index,122,122.48,121.01,122.18,1.57,1.30,41044,4991360.84,,124.4,92.9,-,-,Infinity,7.571755590773032,120.61,1.7845659163987129,-31.51776103336921,https://static.nseindia.com/sparklines/today/ICICIAUTOEQN.jpg,-,-,-,06-Jun-2022,6.19,https://static.nseindia.com/sparklines/30d/ICICIAUTO-EQ.jpg,ICICIAUTO,ICICI Prudential Mutual Fund - ICICI Prudential  Nifty Auto ETF,,['EQ'],[],[],False,False,True,False,False,True,False,INF109KC1Y49
29,MOM100,Nifty Midcap 100,29.1,29.4,28.8,29.16,0.37,1.29,72073,2103090.14,,36.65,26.42,-,-,3.6984352773826425,-1.3197969543147228,28.79,20.436562073669847,-10.37093111279333,https://static.nseindia.com/sparklines/today/MOM100EQN.jpg,2.38,06-Jul-2021,https://static.nseindia.com/sparklines/365d/MOM100-EQ.jpg,06-Jun-2022,-2.57,https://static.nseindia.com/sparklines/30d/MOM100-EQ.jpg,MOM100,Motilal Oswal Mutual Fund - Motilal Oswal Midcap 100 ETF,,['EQ'],[],[],False,False,True,False,False,True,False,INF247L01023
30,MAMFGETF,Nifty India Manufacturing Total Return Index,74.93,75.59,74.85,75.38,0.95,1.28,1118,83984.16,,95,69.56,-,-,Infinity,-1.0890959191707104,74.43,20.652631578947375,-8.366877515813677,https://static.nseindia.com/sparklines/today/MAMFGETFEQN.jpg,-,-,-,06-Jun-2022,-2.34,https://static.nseindia.com/sparklines/30d/MAMFGETF-EQ.jpg,MAMFGETF,Mirae Asset Mutual Fund - Mirae Asset Nifty India Manufacturing ETF,,['EQ'],[],[],False,False,False,False,False,True,False,INF769K01IB1
31,LICNETFN50,Nifty 50,168.5,174,168.5,172.75,2.16,1.27,539,92724.17,,210,160.75,-,-,-13.75436844732901,-2.263083451202263,170.59,17.738095238095237,-7.465007776049767,https://static.nseindia.com/sparklines/today/LICNETFN50EQN.jpg,-14.83,06-Jul-2021,https://static.nseindia.com/sparklines/365d/LICNETFN50-EQ.jpg,06-Jun-2022,-3.49,https://static.nseindia.com/sparklines/30d/LICNETFN50-EQ.jpg,LICNETFN50,LIC MF - LIC MF EXCHANGE TRADED FUND - NIFTY 50,,['EQ'],[],[],False,False,True,False,False,True,False,INF767K01OS7
32,BSLNIFTY,Nifty 50,18.2,18.2,17.82,18.09,0.22,1.23,36794,662292,,214.2,16.81,25-NOV-21, FACE VALUE SPLIT (SUB-DIVISION) - FROM RS 10/- PER SHARE TO RE 1/- PER SHARE,-89.66167562007087,-2.5323275862068906,17.87,91.5546218487395,-7.614515169541947,https://static.nseindia.com/sparklines/today/BSLNIFTYEQN.jpg,-89.79,06-Jul-2021,https://static.nseindia.com/sparklines/365d/BSLNIFTY-EQ.jpg,06-Jun-2022,-3.72,https://static.nseindia.com/sparklines/30d/BSLNIFTY-EQ.jpg,BSLNIFTY,Aditya Birla Sun Life Nifty ETF - Growth,MUTUAL FUND,['EQ'],[],[],False,False,True,False,False,True,False,INF209KB19D1
33,ICICISENSX,SENSEX,591,593.65,590,593.45,7.01,1.20,5849,3467228.71,,700,543.95,24-JUL-14,DIVIDEND,3.298520452567458,-2.8468993517123935,586.44,15.221428571428566,-9.10010111223458,https://static.nseindia.com/sparklines/today/ICICISENSXEQN.jpg,2.08,06-Jul-2021,https://static.nseindia.com/sparklines/365d/ICICISENSX-EQ.jpg,06-Jun-2022,-3.99,https://static.nseindia.com/sparklines/30d/ICICISENSX-EQ.jpg,ICICISENSX,ICICI Prudential S&P BSE Sensex ETF,,['EQ'],[],[],False,False,True,False,False,True,False,INF346A01034
34,MAFSETF,Nifty Financial Services Index,16.17,16.29,16.1,16.28,0.19,1.18,38477,623327.4,,21,14.01,-,-,Infinity,-0.9732360097323609,16.09,22.47619047619047,-16.20271234832264,https://static.nseindia.com/sparklines/today/MAFSETFEQN.jpg,-,-,-,06-Jun-2022,-2.13,https://static.nseindia.com/sparklines/30d/MAFSETF-EQ.jpg,MAFSETF,Mirae Asset Mutual Fund - Mirae Asset Nifty Financial Services ETF,,['EQ'],[],[],False,False,True,False,False,True,False,INF769K01HI8
35,ICICINXT50,Nifty Next 50,39.94,39.94,39.02,39.39,0.45,1.16,94150,3701978,,50.97,32.8,15-NOV-18, FACE VALUE SPLIT (SUB-DIVISION) - FROM RS 10/- PER SHARE TO RS 1/- PER SHARE,-0.2532286654849365,0.5359877488514571,38.94,22.719246615656264,-20.09146341463416,https://static.nseindia.com/sparklines/today/ICICINXT50EQN.jpg,-1.39,06-Jul-2021,https://static.nseindia.com/sparklines/365d/ICICINXT50-EQ.jpg,06-Jun-2022,-0.61,https://static.nseindia.com/sparklines/30d/ICICINXT50-EQ.jpg,ICICINXT50,ICICI Prudential Mutual Fund - ICICI Prudential Nifty Next 50 ETF,,['EQ'],[],[],False,False,True,False,False,True,False,INF109KC1NS5
36,UTISENSETF,SENSEX,573.98,573.98,569.5,573,6.3,1.11,429,244937.55,,737.55,461.6,26-FEB-21, INTERIM DIVIDEND - RS 13.56 PER UNIT,3.273015644149659,-2.4631044989531428,566.7,22.310351840553178,-24.13344887348353,https://static.nseindia.com/sparklines/today/UTISENSETFEQN.jpg,2.14,06-Jul-2021,https://static.nseindia.com/sparklines/365d/UTISENSETF-EQ.jpg,06-Jun-2022,-3.54,https://static.nseindia.com/sparklines/30d/UTISENSETF-EQ.jpg,UTISENSETF,UTI S&P BSE Sensex ETF,MUTUAL FUND,['EQ'],[],[],False,False,True,False,False,True,False,INF789FB1X58
37,TECH,Nifty IT TRI Index,33.25,33.25,27.63,28.51,0.31,1.10,6338,182090.74,,43.75,26.4,-,-,Infinity,-5.124792013311145,28.2,34.834285714285706,-7.992424242424254,https://static.nseindia.com/sparklines/today/TECHEQN.jpg,-,-,-,06-Jun-2022,-6.16,https://static.nseindia.com/sparklines/30d/TECH-EQ.jpg,TECH,Aditya Birla Sun Life Mutual Fund - Aditya Birla Sun Life Nifty IT ETF,,['EQ'],[],[],False,False,True,False,False,True,False,INF209KB11D8
38,BSLSENETFG,BSE SENSEX Index,52.7,52.7,51.05,52.22,0.56,1.08,2058,106974.84,,664.99,43.65,25-NOV-21, FACE VALUE SPLIT (SUB-DIVISION) - FROM RS 10/- PER SHARE TO RE 1- PER SHARE,Infinity,-2.2097378277153554,51.66,92.14725033459149,-19.633447880870563,https://static.nseindia.com/sparklines/today/BSLSENETFGEQN.jpg,-,-,-,06-Jun-2022,-3.26,https://static.nseindia.com/sparklines/30d/BSLSENETFG-EQ.jpg,BSLSENETFG,Aditya Birla Sun Life Mutual Fund - Aditya Birla Sun Life SENSEX ETF,,['EQ'],[],[],False,False,True,False,False,True,False,INF209KB10E8
39,QNIFTY,Nifty 50,1686,1700,1685,1700,17.78,1.06,138,233731.98,,2268.99,1604,08-MAR-18, DIVIDEND - RS 80 PER UNIT (PURPOSE REVISED),3.3434650455927053,-2.522935779816514,1682.22,25.076796283809088,-5.985037406483791,https://static.nseindia.com/sparklines/today/QNIFTYEQN.jpg,2.26,06-Jul-2021,https://static.nseindia.com/sparklines/365d/QNIFTY-EQ.jpg,06-Jun-2022,-3.54,https://static.nseindia.com/sparklines/30d/QNIFTY-EQ.jpg,QNIFTY,Quantum Nifty 50 ETF,MUTUAL FUND,['EQ'],[],[],False,False,True,False,False,True,False,INF082J01028
40,ICICIM150,Nifty Midcap 150,104.52,106.2,104.52,105.78,1.09,1.04,16559,1752935.74,,132.7,96.75,-,-,1.7311021350259637,-0.592049619396669,104.69,20.28636021100225,-9.333333333333334,https://static.nseindia.com/sparklines/today/ICICIM150EQN.jpg,0.68,06-Jul-2021,https://static.nseindia.com/sparklines/365d/ICICIM150-EQ.jpg,06-Jun-2022,-1.62,https://static.nseindia.com/sparklines/30d/ICICIM150-EQ.jpg,ICICIM150,ICICI PRUDENTIAL MUTUAL FUND - ICICI Prudential Nifty Midcap 150 ETF,,['EQ'],[],[],False,False,True,False,False,True,False,INF109KC1G82
41,DSPNEWETF,NIFTY 50 Equal Weight Index,180.09,185.46,180.09,184.08,1.88,1.03,1563,287201.25,,209.85,158.9,-,-,Infinity,-1.561497326203202,182.2,12.280200142959249,-15.84644430459409,https://static.nseindia.com/sparklines/today/DSPNEWETFEQN.jpg,-,-,-,06-Jun-2022,-2.57,https://static.nseindia.com/sparklines/30d/DSPNEWETF-EQ.jpg,DSPNEWETF,DSP  Mutual Fund - DSP Nifty 50 Equal Weight ETF,,['EQ'],[],[],False,False,True,False,False,True,False,INF740KA1QK2
42,LICNETFSEN,SENSEX,610,610,580.73,583.5,5.92,1.02,898,523471.14,,677.4,523.99,-,-,4.528680448568659,-2.6364091440013273,577.58,13.86182462356067,-11.357086967308534,https://static.nseindia.com/sparklines/today/LICNETFSENEQN.jpg,3.47,06-Jul-2021,https://static.nseindia.com/sparklines/365d/LICNETFSEN-EQ.jpg,06-Jun-2022,-3.62,https://static.nseindia.com/sparklines/30d/LICNETFSEN-EQ.jpg,LICNETFSEN,LIC Mutual Fund - LIC MF EXCHANGE TRADED FUND - SENSEX,,['EQ'],[],[],False,False,True,False,False,True,False,INF767K01OT5
43,JUNIORBEES,Nifty Next 50,413.99,413.99,391.26,403.77,4.09,1.02,146163,58921228.56,,532.75,360.5,10-MAR-14,DIVIDEND-RS.1 PER UNIT,-0.5149558961218232,0.2831383652484878,399.68,24.21022993899578,-12.002773925104018,https://static.nseindia.com/sparklines/today/JUNIORBEESEQN.jpg,-1.52,06-Jul-2021,https://static.nseindia.com/sparklines/365d/JUNIORBEES-EQ.jpg,06-Jun-2022,-0.73,https://static.nseindia.com/sparklines/30d/JUNIORBEES-EQ.jpg,JUNIORBEES,NIPPON INDIA ETF JUNIOR BEES,MUTUAL FUND,['EQ'],[],[],False,False,True,False,False,True,False,INF732E01045
44,MANXT50,Nifty Next 50,384.6,386.6,383.38,385.77,3.9,1.02,850,327454,,530.18,352.79,-,-,-0.21985412032487267,0.5709369623025178,381.87,27.23791919725376,-9.348337537912062,https://static.nseindia.com/sparklines/today/MANXT50EQN.jpg,-1.23,06-Jul-2021,https://static.nseindia.com/sparklines/365d/MANXT50-EQ.jpg,06-Jun-2022,-0.45,https://static.nseindia.com/sparklines/30d/MANXT50-EQ.jpg,MANXT50,Mirae Asset Mutual Fund - MIRAE ASSET NIFTY NEXT 50 ETF (MANXT50) - Mi,,['EQ'],[],[],False,False,True,False,False,True,False,INF769K01FN2
45,IVZINNIFTY,Nifty 50,1695.9,1766.25,1695.9,1766.25,17.9,1.02,13,22750.13,,2319,1382.78,24-DEC-12,DIVIDEND-RS.5/- PER UNIT,1.7718236819360416,-2.645721372467962,1748.35,23.835705045278136,-27.731815617813393,https://static.nseindia.com/sparklines/today/IVZINNIFTYEQN.jpg,0.74,06-Jul-2021,https://static.nseindia.com/sparklines/365d/IVZINNIFTY-EQ.jpg,06-Jun-2022,-3.63,https://static.nseindia.com/sparklines/30d/IVZINNIFTY-EQ.jpg,IVZINNIFTY,Invesco India Nifty Exchange Traded Fund,,['EQ'],[],[],False,False,True,False,False,True,False,INF205K01DA9
46,KOTAKNIFTY,Nifty 50,170.68,171.62,169.82,171.34,1.69,1.00,155110,26429192.9,,210,161.63,27-JUL-17, FACE VALUE SPLIT (SUB-DIVISION) - FROM RS 10/- PER SHARE TO RS 1/- PER SHARE,3.154726068633359,-2.4426350851221272,169.65,18.409523809523808,-6.007548103693626,https://static.nseindia.com/sparklines/today/KOTAKNIFTYEQN.jpg,2.14,06-Jul-2021,https://static.nseindia.com/sparklines/365d/KOTAKNIFTY-EQ.jpg,06-Jun-2022,-3.4,https://static.nseindia.com/sparklines/30d/KOTAKNIFTY-EQ.jpg,KOTAKNIFTY,Kotak Mahindra Mutual Fund-Kotak Nifty ETF,MUTUAL FUND,['EQ'],[],[],False,False,True,False,False,True,False,INF174K014P6
47,DSPQ50ETF,Nifty Midcap 150 Quality 50 Index,155,156,154,155.06,1.51,0.98,1751,271545.08,,189,146,-,-,Infinity,-2.0838595604950814,153.55,17.95767195767196,-6.205479452054796,https://static.nseindia.com/sparklines/today/DSPQ50ETFEQN.jpg,-,-,-,06-Jun-2022,-3.04,https://static.nseindia.com/sparklines/30d/DSPQ50ETF-EQ.jpg,DSPQ50ETF,DSP  Mutual Fund - DSP Nifty Midcap 150 Quality 50 ETF,,['EQ'],[],[],False,False,True,False,False,True,False,INF740KA1QL0
48,ICICINV20,Nifty50 Value 20,92.7,92.7,86,89.89,0.86,0.97,31496,2831175.44,,112.1,73.2,-,-,7.203339296362561,-2.0379250217959943,89.03,19.81266726137377,-22.800546448087427,https://static.nseindia.com/sparklines/today/ICICINV20EQN.jpg,6.18,06-Jul-2021,https://static.nseindia.com/sparklines/365d/ICICINV20-EQ.jpg,06-Jun-2022,-2.98,https://static.nseindia.com/sparklines/30d/ICICINV20-EQ.jpg,ICICINV20,ICICI Prudential Nifty50 Value 20 ETF,,['EQ'],[],[],False,False,True,False,False,True,False,INF109KB1WY5
49,MOM50,Nifty 50,162.4,162.4,160.66,161.76,1.53,0.95,1205,194655.7,,194,150.46,16-OCT-14,FACE VALUE SPLIT FROM RS.10/- TO RS.7/-,3.645799961555711,-2.7066041140382535,160.23,16.618556701030933,-7.510301741326586,https://static.nseindia.com/sparklines/today/MOM50EQN.jpg,2.67,06-Jul-2021,https://static.nseindia.com/sparklines/365d/MOM50-EQ.jpg,06-Jun-2022,-3.63,https://static.nseindia.com/sparklines/30d/MOM50-EQ.jpg,MOM50,Motilal Oswal Mutual Fund - Motilal Oswal M50 ETF,,['EQ'],[],[],False,False,True,False,False,True,False,INF247L01536
50,AXISNIFTY,Nifty 50,170.05,170.95,169.52,170.49,1.59,0.94,3822,649816.44,,212.22,160.03,23-JUL-20, FACE VALUE SPLIT (SUB-DIVISION) - FROM RS 100/- PER SHARE TO RS 10/- PER SHARE,3.6161419715570786,-2.6605766485869236,168.9,19.663556686457447,-6.536274448540905,https://static.nseindia.com/sparklines/today/AXISNIFTYEQN.jpg,2.65,06-Jul-2021,https://static.nseindia.com/sparklines/365d/AXISNIFTY-EQ.jpg,06-Jun-2022,-3.57,https://static.nseindia.com/sparklines/30d/AXISNIFTY-EQ.jpg,AXISNIFTY,AXIS MUTUAL FUND - Axis NIFTY 50 ETF,,['EQ'],[],[],False,False,True,False,False,True,False,INF846K01W98
51,MAN50ETF,Nifty 50,168.48,168.48,166.83,168,1.51,0.91,4203,704927.16,,210.8,143.7,-,-,3.3846153846153846,-2.149222435785426,166.49,20.303605313092984,-16.910229645093953,https://static.nseindia.com/sparklines/today/MAN50ETFEQN.jpg,2.46,06-Jul-2021,https://static.nseindia.com/sparklines/365d/MAN50ETF-EQ.jpg,06-Jun-2022,-3.03,https://static.nseindia.com/sparklines/30d/MAN50ETF-EQ.jpg,MAN50ETF,Mirae Asset Mutual Fund - Mirae Asset Nifty 50 ETF,,['EQ'],[],[],False,False,True,False,False,True,False,INF769K01EG9
52,DSPN50ETF,Nifty 50 Index,162,162.5,161.75,162.5,1.47,0.91,13796,2233986.28,,184,154,-,-,Infinity,-2.909720977475058,161.03,11.684782608695652,-5.51948051948052,https://static.nseindia.com/sparklines/today/DSPN50ETFEQN.jpg,-,-,-,06-Jun-2022,-3.79,https://static.nseindia.com/sparklines/30d/DSPN50ETF-EQ.jpg,DSPN50ETF,DSP  Mutual Fund - DSP Nifty 50 ETF,,['EQ'],[],[],False,False,True,False,False,True,False,INF740KA1CL0
53,HDFCNIFETF,Nifty 50,173.8,174,172.5,173.84,1.56,0.91,57202,9929695.18,,230,163.88,17-FEB-21, FACE VALUE SPLIT (SUB-DIVISION) - FROM RS 761.25/- PER UNIT TO RS 76.125/- PER UNIT,2.9979855433108202,-2.556053811659194,172.28,24.417391304347827,-6.077617769099346,https://static.nseindia.com/sparklines/today/HDFCNIFETFEQN.jpg,2.07,06-Jul-2021,https://static.nseindia.com/sparklines/365d/HDFCNIFETF-EQ.jpg,06-Jun-2022,-3.43,https://static.nseindia.com/sparklines/30d/HDFCNIFETF-EQ.jpg,HDFCNIFETF,HDFC Mutual Fund - HDFC Nifty ETF ,MUTUAL FUND,['EQ'],[],[],False,False,True,False,False,True,False,INF179KC1965
54,ICICINIFTY,Nifty 50,175,175,173.4,174.97,1.57,0.91,377341,65702614.92,,231.3,157.5,28-APR-16, DIVIDEND-RS.2.20 PER UNIT,3.40405413391643,-2.1858228980321983,173.4,24.353653264159103,-11.092063492063492,https://static.nseindia.com/sparklines/today/ICICINIFTYEQN.jpg,2.48,06-Jul-2021,https://static.nseindia.com/sparklines/365d/ICICINIFTY-EQ.jpg,06-Jun-2022,-3.06,https://static.nseindia.com/sparklines/30d/ICICINIFTY-EQ.jpg,ICICINIFTY,ICICI Prudential Nifty 50 ETF,,['EQ'],[],[],False,False,True,False,False,True,False,INF109K012R6
55,ICICINF100,Nifty 100,178.48,178.49,177.4,177.6,1.57,0.89,6178,1099992.9,,208,160.7,-,-,1.9517795637198656,-2.47652517709078,176.03,14.615384615384617,-10.516490354698199,https://static.nseindia.com/sparklines/today/ICICINF100EQN.jpg,1.05,06-Jul-2021,https://static.nseindia.com/sparklines/365d/ICICINF100-EQ.jpg,06-Jun-2022,-3.34,https://static.nseindia.com/sparklines/30d/ICICINF100-EQ.jpg,ICICINF100,ICICI Prudential Nifty 100 ETF,,['EQ'],[],[],False,False,True,False,False,True,False,INF109KA1962
56,SETFNIF50,Nifty 50,166.4,166.9,165.05,166.25,1.47,0.89,208271,34520918.25,,196.54,150.4,24-MAR-21, DIVIDEND - RS 1.30 PER SHARE,3.2865308151093386,-2.292095210108731,164.78,15.411621044062274,-10.53856382978723,https://static.nseindia.com/sparklines/today/SETFNIF50EQN.jpg,2.37,06-Jul-2021,https://static.nseindia.com/sparklines/365d/SETFNIF50-EQ.jpg,06-Jun-2022,-3.16,https://static.nseindia.com/sparklines/30d/SETFNIF50-EQ.jpg,SETFNIF50,SBI-ETF Nifty 50,MUTUAL FUND,['EQ'],[],[],False,False,True,False,False,True,False,INF200KA1FS1
57,NIFTYBEES,Nifty 50,175.35,175.7,174.4,175.65,1.53,0.88,4128319,723198922.42,,223,135.51,19-DEC-19, FACE VALUE SPLIT (SUB-DIVISION) - FROM RS 10/- TO RS 1/-,3.2203091026620547,-2.497918401332223,174.12,21.233183856502237,-29.621430152756265,https://static.nseindia.com/sparklines/today/NIFTYBEESEQN.jpg,2.32,06-Jul-2021,https://static.nseindia.com/sparklines/365d/NIFTYBEES-EQ.jpg,06-Jun-2022,-3.35,https://static.nseindia.com/sparklines/30d/NIFTYBEES-EQ.jpg,NIFTYBEES,NIPPON INDIA ETF NIFTY BEES,MUTUAL FUND,['EQ'],[],[],False,False,True,False,False,True,False,INF204KB14I2
58,ICICIALPLV,Nifty Alpha Low-Volatility 30 Index,158.45,158.49,155.2,157.69,1.36,0.87,13299,2100710.04,,197.6,147.3,-,-,-0.8301364694044358,0.08886067914946769,156.33,20.19736842105263,-7.053632043448734,https://static.nseindia.com/sparklines/today/ICICIALPLVEQN.jpg,-1.69,06-Jul-2021,https://static.nseindia.com/sparklines/365d/ICICIALPLV-EQ.jpg,06-Jun-2022,-0.77,https://static.nseindia.com/sparklines/30d/ICICIALPLV-EQ.jpg,ICICIALPLV,ICICI Prudential Nifty Alpha Low Volatility 30 ETF,,['EQ'],[],[],False,False,True,False,False,True,False,INF109KC1N59
59,NETF,Nifty 50,169.85,169.96,163.06,167.95,1.45,0.87,461,77254.38,,222.68,157.66,-,-,-13.561502830674225,-2.320576945446091,166.5,24.577869588647395,-6.526703031840664,https://static.nseindia.com/sparklines/today/NETFEQN.jpg,-14.31,06-Jul-2021,https://static.nseindia.com/sparklines/365d/NETF-EQ.jpg,06-Jun-2022,-3.16,https://static.nseindia.com/sparklines/30d/NETF-EQ.jpg,NETF,Tata Nifty Exchange Traded Fund,,['EQ'],[],[],False,False,True,False,False,True,False,INF277K015R5
60,MON100,Nasdaq100,94.9,94.9,91.62,92.71,0.79,0.86,409536,37906652.16,,138.6,87.45,17-JUN-21, FACE VALUE SPLIT (SUB-DIVISION) - FROM RS 10/- PER SHARE TO RE 1/- PER SHARE,-14.260612226024232,-7.961878288494003,91.92,33.109668109668114,-6.014865637507136,https://static.nseindia.com/sparklines/today/MON100EQN.jpg,-14.99,06-Jul-2021,https://static.nseindia.com/sparklines/365d/MON100-EQ.jpg,06-Jun-2022,-8.75,https://static.nseindia.com/sparklines/30d/MON100-EQ.jpg,MON100,Motilal Oswal Mutual Fund - Motilal Oswal NASDAQ 100 ETF,,['EQ'],[],[],False,False,True,False,False,True,False,INF247L01AP3
61,UTINIFTETF,Nifty 50,1615,1711.22,1615,1709.21,13.87,0.82,3055,5217329,,2240,1600,23-FEB-21, INTERIM DIVIDEND - RS 40.84 PER SHARE,2.911142420191957,-2.5447019112347697,1695.34,23.695982142857144,-6.825625000000002,https://static.nseindia.com/sparklines/today/UTINIFTETFEQN.jpg,2.08,06-Jul-2021,https://static.nseindia.com/sparklines/365d/UTINIFTETF-EQ.jpg,06-Jun-2022,-3.34,https://static.nseindia.com/sparklines/30d/UTINIFTETF-EQ.jpg,UTINIFTETF,UTI Nifty 50 ETF,MUTUAL FUND,['EQ'],[],[],False,False,True,False,False,True,False,INF789FB1X41
62,MASPTOP50,S&P 500 Top 50 Total Return Index,25.7,26.28,25.6,26.15,0.21,0.81,123437,3225408.81,,37,23.1,-,-,Infinity,-3.0404152762328525,25.94,29.32432432432433,-13.20346320346319,https://static.nseindia.com/sparklines/today/MASPTOP50EQN.jpg,-,-,-,06-Jun-2022,-3.82,https://static.nseindia.com/sparklines/30d/MASPTOP50-EQ.jpg,MASPTOP50,Mirae Asset Mutual Fund - Mirae Asset S&P 500 Top 50 ETF,,['EQ'],[],[],False,False,True,False,False,True,False,INF769K01HP3
63,SETFNN50,Nifty Next 50,400,400,396.97,398.6,3.11,0.79,26504,10577746.4,,476,366.11,02-NOV-17, DIVIDEND - RS 7/- PER UNIT,-0.7593676086144541,-0.04263109060359583,395.49,16.260504201680668,-8.874382016333891,https://static.nseindia.com/sparklines/today/SETFNN50EQN.jpg,-1.53,06-Jul-2021,https://static.nseindia.com/sparklines/365d/SETFNN50-EQ.jpg,06-Jun-2022,-0.82,https://static.nseindia.com/sparklines/30d/SETFNN50-EQ.jpg,SETFNN50,SBI-ETF Nifty Next 50,MUTUAL FUND,['EQ'],[],[],False,False,True,False,False,True,False,INF200KA1598
64,NIF100BEES,Nifty 100 TRI,169.68,169.7,165.7,169.03,1.33,0.79,6353,1072767.58,,183.6,155.55,-,-,Infinity,-2.6380968838200634,167.7,7.93572984749455,-8.6660237865638,https://static.nseindia.com/sparklines/today/NIF100BEESEQN.jpg,-,-,-,06-Jun-2022,-3.4,https://static.nseindia.com/sparklines/30d/NIF100BEES-EQ.jpg,NIF100BEES,NIPPON INDIA ETF NIFTY 100,,['EQ'],[],[],False,False,True,False,False,True,False,INF204K014N5
65,LICNFNHGP,Nifty 100,172.04,173,172,172.5,1.33,0.78,7240,1248393.2,,230,161,-,-,5.125236150892801,-2.127659574468085,171.17,25.0,-7.142857142857143,https://static.nseindia.com/sparklines/today/LICNFNHGPEQN.jpg,4.31,06-Jul-2021,https://static.nseindia.com/sparklines/365d/LICNFNHGP-EQ.jpg,06-Jun-2022,-2.88,https://static.nseindia.com/sparklines/30d/LICNFNHGP-EQ.jpg,LICNFNHGP,LIC MF - LIC MF ETF - Nifty 100,MUTUAL FUND,['EQ'],[],[],False,False,True,False,False,True,False,INF767K01PC8
66,KOTAKNV20,Nifty50 Value 20,91.2,92.2,89.35,91.4,0.71,0.78,6895,629375.6,,106.8,79.8,-,-,5.738084220268403,-1.847079037800686,90.69,14.419475655430704,-14.536340852130337,https://static.nseindia.com/sparklines/today/KOTAKNV20EQN.jpg,4.92,06-Jul-2021,https://static.nseindia.com/sparklines/365d/KOTAKNV20-EQ.jpg,06-Jun-2022,-2.61,https://static.nseindia.com/sparklines/30d/KOTAKNV20-EQ.jpg,KOTAKNV20,Kotak Mahindra MF - Kotak NV 20 ETF - DPO,,['EQ'],[],[],False,False,True,False,False,True,False,INF174K01Z71
67,ICICISILVE,Domestic Price of Silver,58.98,62.2,58.51,59.1,0.46,0.78,258494,15245976.12,,79.5,57.5,-,-,Infinity,-8.244061481136463,58.64,25.660377358490564,-2.7826086956521765,https://static.nseindia.com/sparklines/today/ICICISILVEEQN.jpg,-,-,-,06-Jun-2022,-8.96,https://static.nseindia.com/sparklines/30d/ICICISILVE-EQ.jpg,ICICISILVE,ICICI Prudential Mutual Fund - ICICI Prudential Silver ETF,,['EQ'],[],[],False,False,False,False,False,True,False,INF109KC1Y56
68,ITBEES,Nifty IT TRI,29,29.3,28.94,29.1,0.22,0.76,979338,28547702.7,,36.68,27.3,-,-,Infinity,-5.396618985695708,28.88,20.665212649945467,-6.593406593406596,https://static.nseindia.com/sparklines/today/ITBEESEQN.jpg,-,-,-,06-Jun-2022,-6.11,https://static.nseindia.com/sparklines/30d/ITBEES-EQ.jpg,ITBEES,Nippon India Mutual Fund - Nippon India ETF Nifty IT,,['EQ'],[],[],False,False,True,False,False,True,False,INF204KB15V2
69,SBIETFIT,Nifty IT Index,291.98,293.45,288.65,290.67,2.14,0.74,977819,284310652.44,,428.7,272.06,-,-,0.010322047894312401,-5.4208830898382745,288.53,32.19734079776067,-6.840402852311995,https://static.nseindia.com/sparklines/today/SBIETFITEQN.jpg,-0.73,06-Jul-2021,https://static.nseindia.com/sparklines/365d/SBIETFIT-EQ.jpg,06-Jun-2022,-6.12,https://static.nseindia.com/sparklines/30d/SBIETFIT-EQ.jpg,SBIETFIT,SBI Mutual Fund-SBI ETF IT,,['EQ'],[],[],False,False,True,False,False,True,False,INF200KA1S14
70,MAESGETF,NIFTY100 ESG SECTOR LEADERS,27.2,27.29,27.14,27.21,0.19,0.70,2915,79317.15,,32.7,25.49,-,-,1.152416356877332,-2.1223021582733805,27.02,16.788990825688078,-6.747744213417036,https://static.nseindia.com/sparklines/today/MAESGETFEQN.jpg,0.45,06-Jul-2021,https://static.nseindia.com/sparklines/365d/MAESGETF-EQ.jpg,06-Jun-2022,-2.81,https://static.nseindia.com/sparklines/30d/MAESGETF-EQ.jpg,MAESGETF,MIRAE ASSET MUTUAL FUND - Mirae Asset Nifty 100 ESG Sector Leaders ETF,,['EQ'],[],[],False,False,True,False,False,True,False,INF769K01GS9
71,ICICICONSU,Nifty India Consumption Index,71.7,72,71.34,71.64,0.44,0.62,25047,1799126.01,,82.25,57.01,-,-,Infinity,5.151915455746375,71.2,12.899696048632219,-25.662164532538156,https://static.nseindia.com/sparklines/today/ICICICONSUEQN.jpg,-,-,-,06-Jun-2022,4.51,https://static.nseindia.com/sparklines/30d/ICICICONSU-EQ.jpg,ICICICONSU,ICICI PRUDENTIAL MUTUAL FUND - ICICI Prudential Nifty Consumption ETF,,['EQ'],[],[],False,False,True,False,False,True,False,INF109KC1V42
72,INFRABEES,Nifty Infra,479.99,480.83,477.36,478.77,2.76,0.58,520,249225.6,,590.2,416.5,-,-,5.903822332330561,-4.707217069384187,476.01,18.880040664181646,-14.950780312124845,https://static.nseindia.com/sparklines/today/INFRABEESEQN.jpg,5.29,06-Jul-2021,https://static.nseindia.com/sparklines/365d/INFRABEES-EQ.jpg,06-Jun-2022,-5.26,https://static.nseindia.com/sparklines/30d/INFRABEES-EQ.jpg,INFRABEES,NIPPON INDIA ETF INFRA BEES,MUTUAL FUND,['EQ'],[],[],False,False,True,False,False,True,False,INF732E01268
73,CONSUMBEES,Nifty India Consumption TRI,77.17,77.98,75.57,77.42,0.45,0.58,20109,1558849.68,,81.3,68.71,-,-,Infinity,5.218809459092149,76.97,4.77244772447724,-12.67646630766993,https://static.nseindia.com/sparklines/today/CONSUMBEESEQN.jpg,-,-,-,06-Jun-2022,4.61,https://static.nseindia.com/sparklines/30d/CONSUMBEES-EQ.jpg,CONSUMBEES,NIPPON INDIA ETF CONSUMPTION,,['EQ'],[],[],False,False,True,False,False,True,False,INF204KA1LD7
74,NV20BEES,Nifty50 Value20 TRI,93.48,93.48,92.06,92.38,0.53,0.58,12912,1194489.12,,102.94,85.82,-,-,Infinity,-2.1294628668291185,91.85,10.25840295317661,-7.643905849452345,https://static.nseindia.com/sparklines/today/NV20BEESEQN.jpg,-,-,-,06-Jun-2022,-2.69,https://static.nseindia.com/sparklines/30d/NV20BEES-EQ.jpg,NV20BEES,NIPPON INDIA ETF NV20,,['EQ'],[],[],False,False,True,False,False,True,False,INF204KB18I3
75,PHARMABEES,Nifty Pharma TRI,12.4,12.54,12.33,12.48,0.07,0.56,180318,2253975,,15.2,11.75,-,-,Infinity,-0.1599999999999966,12.41,17.894736842105257,-6.212765957446812,https://static.nseindia.com/sparklines/today/PHARMABEESEQN.jpg,-,-,-,06-Jun-2022,-0.72,https://static.nseindia.com/sparklines/30d/PHARMABEES-EQ.jpg,PHARMABEES,Nippon India Mutual Fund - Nippon India Nifty Pharma ETF,,['EQ'],[],[],False,False,True,False,False,True,False,INF204KC1089
76,HDFCSENETF,SENSEX,585,587,581.11,584,3.09,0.53,4141,2420331.68,,704.92,487.4,17-FEB-21, FACE VALUE SPLIT (SUB-DIVISION) - FROM RS 2503.61/- PER UNIT TO RS 250.361/- PER UNIT,2.6019431121418055,-2.990033222591362,580.91,17.153719571015145,-19.819450143619207,https://static.nseindia.com/sparklines/today/HDFCSENETFEQN.jpg,2.06,06-Jul-2021,https://static.nseindia.com/sparklines/365d/HDFCSENETF-EQ.jpg,06-Jun-2022,-3.5,https://static.nseindia.com/sparklines/30d/HDFCSENETF-EQ.jpg,HDFCSENETF,HDFC Mutual Fund - HDFC SENSEX ETF,MUTUAL FUND,['EQ'],[],[],False,False,True,False,False,True,False,INF179KC1973
77,SBIETFQLTY,Nifty 200 Quality 30 Index,142.45,144.29,142.45,143.04,0.71,0.50,2950,423649.5,,164.98,126.99,-,-,2.8916702632714584,1.4468085106382922,142.33,13.298581646260153,-12.638790455941411,https://static.nseindia.com/sparklines/today/SBIETFQLTYEQN.jpg,2.38,06-Jul-2021,https://static.nseindia.com/sparklines/365d/SBIETFQLTY-EQ.jpg,06-Jun-2022,0.94,https://static.nseindia.com/sparklines/30d/SBIETFQLTY-EQ.jpg,SBIETFQLTY,SBI Mutual Fund - SBI - ETF Quality - SBI-ETF Quality,,['EQ'],[],[],False,False,True,False,False,True,False,INF200KA1WX6
78,ICICILOVOL,Nifty 100 Low Volatility 30 Index,135.7,135.7,125.7,132.86,0.62,0.47,252582,33666654.78,,157.9,110.9,-,-,2.2708028635209123,-0.4271902870418895,132.24,15.858138062064592,-19.80162308385934,https://static.nseindia.com/sparklines/today/ICICILOVOLEQN.jpg,1.79,06-Jul-2021,https://static.nseindia.com/sparklines/365d/ICICILOVOL-EQ.jpg,06-Jun-2022,-0.89,https://static.nseindia.com/sparklines/30d/ICICILOVOL-EQ.jpg,ICICILOVOL,ICICI Prudential Nifty 100 Low Volatility 30 ETF,,['EQ'],[],[],False,False,True,False,False,True,False,INF109KB10T8
79,SBIETFCON,Nifty India Consumption Index,72.78,72.78,69.8,71.6,0.33,0.46,6756,483324.24,,77.31,58.55,-,-,Infinity,5.340591437398846,71.27,7.385849178631494,-22.288642186165667,https://static.nseindia.com/sparklines/today/SBIETFCONEQN.jpg,-,-,-,06-Jun-2022,4.86,https://static.nseindia.com/sparklines/30d/SBIETFCON-EQ.jpg,SBIETFCON,SBI Mutual Fund - SBI ETF Consumption,,['EQ'],[],[],False,False,True,False,False,True,False,INF200KA1X17
80,AXISTECETF,NIFTY IT Index,288.99,293,287.72,288.14,1.06,0.37,1071,309958.11,,437.1,270.15,-,-,0.7834907310248371,-6.045389330898663,287.08,34.0791580873942,-6.659263372200633,https://static.nseindia.com/sparklines/today/AXISTECETFEQN.jpg,0.41,06-Jul-2021,https://static.nseindia.com/sparklines/365d/AXISTECETF-EQ.jpg,06-Jun-2022,-6.39,https://static.nseindia.com/sparklines/30d/AXISTECETF-EQ.jpg,AXISTECETF,AXIS MUTUAL FUND - AXIS NIFTY IT ETF,,['EQ'],[],[],False,False,True,False,False,True,False,INF846K01Y96
81,ICICITECH,Nifty IT Index,294.93,294.93,288.33,289.3,0.97,0.34,35221,10259525.09,,419.7,267.7,-,-,-0.27920443969528874,-5.6886715566422135,288.33,31.069811770312125,-8.068733657078829,https://static.nseindia.com/sparklines/today/ICICITECHEQN.jpg,-0.61,06-Jul-2021,https://static.nseindia.com/sparklines/365d/ICICITECH-EQ.jpg,06-Jun-2022,-6.0,https://static.nseindia.com/sparklines/30d/ICICITECH-EQ.jpg,ICICITECH,ICICI PRUDENTIAL MUTUAL FUND - ICICI Prudential Nifty IT ETF,,['EQ'],[],[],False,False,True,False,False,True,False,INF109KC1N67
82,AXISHCETF,Nifty Healthcare Index,75.3,77.9,75.3,77.08,0.26,0.34,1047,81079.68,,105,66,-,-,-13.490460157126819,-1.1414646658971406,76.82,26.590476190476192,-16.787878787878785,https://static.nseindia.com/sparklines/today/AXISHCETFEQN.jpg,-13.78,06-Jul-2021,https://static.nseindia.com/sparklines/365d/AXISHCETF-EQ.jpg,06-Jun-2022,-1.47,https://static.nseindia.com/sparklines/30d/AXISHCETF-EQ.jpg,AXISHCETF,AXIS MUTUAL FUND - Axis NIFTY Healthcare ETF,,['EQ'],[],[],False,False,False,False,False,True,False,INF846K01Z12
83,ICICIPHARM,Nifty Healthcare Index,78.49,78.49,75.53,77.12,0.21,0.27,9153,705970.89,,105,71.99,-,-,-13.084638791840414,0.36439354502863236,76.91,26.552380952380947,-7.125989720794568,https://static.nseindia.com/sparklines/today/ICICIPHARMEQN.jpg,-13.32,06-Jul-2021,https://static.nseindia.com/sparklines/365d/ICICIPHARM-EQ.jpg,06-Jun-2022,0.09,https://static.nseindia.com/sparklines/30d/ICICIPHARM-EQ.jpg,ICICIPHARM,ICICI PRUDENTIAL MUTUAL FUND - ICICI Prudential Nifty Healthcare ETF,,['EQ'],[],[],False,False,True,False,False,True,False,INF109KC1Q72
84,EBBETF0425,Nifty BHARAT Bond,1069.58,1071.99,1069.58,1071,2.9,0.27,8052,8620793.28,,1170,1005,-,-,2.367548244649836,0.7146887342486279,1068.1,8.461538461538462,-6.567164179104478,https://static.nseindia.com/sparklines/today/EBBETF0425EQN.jpg,2.09,06-Jul-2021,https://static.nseindia.com/sparklines/365d/EBBETF0425-EQ.jpg,06-Jun-2022,0.44,https://static.nseindia.com/sparklines/30d/EBBETF0425-EQ.jpg,EBBETF0425,Edelweiss Mutual Fund - BHARAT Bond ETF - April 2025,,['EQ'],[],[],False,False,True,False,False,True,False,INF754K01LD3
85,HEALTHY,Nifty Healthcare TRI,7.8,7.85,7.7,7.7,0.02,0.26,28780,222757.2,,10.41,7,-,-,Infinity,0.39113428943937745,7.68,26.032660902977906,-10.000000000000002,https://static.nseindia.com/sparklines/today/HEALTHYEQN.jpg,-,-,-,06-Jun-2022,0.13,https://static.nseindia.com/sparklines/30d/HEALTHY-EQ.jpg,HEALTHY,Aditya Birla Sun Life MF-Aditya Birla Sun Life Nifty Healthcare ETF,,['EQ'],[],[],False,False,True,False,False,True,False,INF209KB10C2
86,ICICIFMCG,Nifty FMCG Index,418,419.98,413.51,415.5,0.92,0.22,25378,10564100.06,,437,338,-,-,Infinity,7.319971071391665,414.58,4.919908466819222,-22.928994082840237,https://static.nseindia.com/sparklines/today/ICICIFMCGEQN.jpg,-,-,-,06-Jun-2022,7.08,https://static.nseindia.com/sparklines/30d/ICICIFMCG-EQ.jpg,ICICIFMCG,ICICI PRUDENTIAL MUTUAL FUND - ICICI Prudential Nifty FMCG ETF,,['EQ'],[],[],False,False,True,False,False,True,False,INF109KC1R48
87,SDL24BEES,Nifty CPSE Bond Plus SDL Sep 2024 50:50 Index,107.32,107.34,107.13,107.33,0.13,0.12,20,2145.8,,107.51,105.75,-,-,Infinity,-0.06517690875233462,107.2,0.16742628592689685,-1.4940898345153648,https://static.nseindia.com/sparklines/today/SDL24BEESEQN.jpg,-,-,-,06-Jun-2022,-0.19,https://static.nseindia.com/sparklines/30d/SDL24BEES-EQ.jpg,SDL24BEES,Nippon India Mutual Fund-Nippon India ETF Nifty CPSE Bond Plus SDL-24,,['EQ'],[],[],False,False,True,False,False,True,False,INF204KB18W4
88,AXISCETF,NIFTY India Consumption Index,69.5,72,69.5,71.29,0.07,0.10,4459,319130.63,,81,60,-,-,Infinity,4.423612128314063,71.22,11.987654320987646,-18.816666666666677,https://static.nseindia.com/sparklines/today/AXISCETFEQN.jpg,-,-,-,06-Jun-2022,4.32,https://static.nseindia.com/sparklines/30d/AXISCETF-EQ.jpg,AXISCETF,AXIS MUTUAL FUND - Axis NIFTY India Consumption ETF,,['EQ'],[],[],False,False,False,False,False,True,False,INF846K016C7
89,AXISBPSETF,Nifty AAA Bond Plus SDL Apr 2026 50:50 Index,10.36,10.36,10.33,10.33,0.01,0.10,6040,62453.6,,12,9.06,-,-,2.0750988142292575,0.5842259006816017,10.32,13.916666666666666,-14.017660044150105,https://static.nseindia.com/sparklines/today/AXISBPSETFEQN.jpg,1.98,06-Jul-2021,https://static.nseindia.com/sparklines/365d/AXISBPSETF-EQ.jpg,06-Jun-2022,0.49,https://static.nseindia.com/sparklines/30d/AXISBPSETF-EQ.jpg,AXISBPSETF,AXIS MUTUAL FUND - Axis Nifty AAA Bond Plus SDL Apr 2026 50-50 ETF,,['EQ'],[],[],False,False,True,False,False,True,False,INF846K01Z04
90,BBETF0432,Nifty BHARAT Bond Index - April 2032,987.1,990.97,987.1,989.95,0.08,0.01,2503,2477219.1,,1156,955.83,-,-,Infinity,0.8116254913542055,989.87,14.36418685121107,-3.5696724312900834,https://static.nseindia.com/sparklines/today/BBETF0432EQN.jpg,-,-,-,06-Jun-2022,0.8,https://static.nseindia.com/sparklines/30d/BBETF0432-EQ.jpg,BBETF0432,Edelweiss Mutual Fund - BHARAT Bond ETF - April 2032 - Growth,,['EQ'],[],[],False,False,True,False,False,True,False,INF754K01OB1
91,EBANK,Nifty Bank,0,0,0,3730,0,0.00,0,0,,4398,3500,-,-,-4.317021052820595,-4.112864043352291,3730,15.188722146430196,-6.571428571428571,https://static.nseindia.com/sparklines/today/EBANKEQN.jpg,-4.32,01-Jul-2021,https://static.nseindia.com/sparklines/365d/EBANK-EQ.jpg,06-Jun-2022,-4.11,https://static.nseindia.com/sparklines/30d/EBANK-EQ.jpg,EBANK,Edelweiss ETF - Nifty Bank,MUTUAL FUND,['EQ'],[],[],False,False,False,False,False,True,False,INF754K01EL1
92,ICICILIQ,S&P BSE Liquid Rate Index,1002,1002,999.72,1000,0.01,0.00,131662,131662000,,1199.2,971.5,-,-,0,0.0010000100000990915,999.99,16.61107404936625,-2.9336078229541944,https://static.nseindia.com/sparklines/today/ICICILIQEQN.jpg,0,06-Jul-2021,https://static.nseindia.com/sparklines/365d/ICICILIQ-EQ.jpg,06-Jun-2022,0.0,https://static.nseindia.com/sparklines/30d/ICICILIQ-EQ.jpg,ICICILIQ,ICICI Prudential S&P BSE Liquid Rate ETF,,['EQ'],[],[],False,False,True,False,False,True,False,INF109KC1KT9
93,LICNETFGSC,GSEC10 NSE Index,22.75,22.75,22,22.45,0,0.00,18529,415049.6,,26.94,19,-,-,2.0454545454545423,3.456221198156682,22.45,16.666666666666675,-18.157894736842103,https://static.nseindia.com/sparklines/today/LICNETFGSCEQN.jpg,2.05,06-Jul-2021,https://static.nseindia.com/sparklines/365d/LICNETFGSC-EQ.jpg,06-Jun-2022,3.46,https://static.nseindia.com/sparklines/30d/LICNETFGSC-EQ.jpg,LICNETFGSC,LIC MF - LIC MF G-sec LT ETF - GO,,['EQ'],[],[],False,False,True,False,False,True,False,INF767K01MV5
94,LIQUIDETF,Nifty1D rate index,999.99,1000.01,999.99,1000.01,0.02,0.00,75780,75780000,,1010,805.9,-,-,0.0009999999999990906,0.002000020000198183,999.99,0.98910891089109,-24.086114902593376,https://static.nseindia.com/sparklines/today/LIQUIDETFEQN.jpg,0,06-Jul-2021,https://static.nseindia.com/sparklines/365d/LIQUIDETF-EQ.jpg,06-Jun-2022,0.0,https://static.nseindia.com/sparklines/30d/LIQUIDETF-EQ.jpg,LIQUIDETF,DSP LIQUID ETF,,['EQ'],[],[],False,False,True,False,False,True,False,INF740KA1EU7
95,LIQUIDBEES,Government Securities,1000.01,1002,999.99,1000,0.01,0.00,1907948,1907928920.52,,1008.9,990,19-SEP-17, EXIT OPTION PURSUANT TO CHANGE IN FUNDAMENTAL ATTRIBUTES OF ETF  ,0,0.0010000100000990915,999.99,0.8821488750123875,-1.0101010101010102,https://static.nseindia.com/sparklines/today/LIQUIDBEESEQN.jpg,0,06-Jul-2021,https://static.nseindia.com/sparklines/365d/LIQUIDBEES-EQ.jpg,06-Jun-2022,0.0,https://static.nseindia.com/sparklines/30d/LIQUIDBEES-EQ.jpg,LIQUIDBEES,NIPPON INDIA ETF LIQUID BEES,MUTUAL FUND,['EQ'],[],[],False,False,False,False,False,True,False,INF732E01037
96,EBBETF0431,Nifty BHARAT Bond,1038,1055.9,1038,1054.5,-0.03,-0.00,8772,9250512.6,,1148.5,1035.15,-,-,1.3085081853815896,1.0125199965514868,1054.53,8.184588593818024,-1.8692943051731543,https://static.nseindia.com/sparklines/today/EBBETF0431EQN.jpg,1.31,06-Jul-2021,https://static.nseindia.com/sparklines/365d/EBBETF0431-EQ.jpg,06-Jun-2022,1.02,https://static.nseindia.com/sparklines/30d/EBBETF0431-EQ.jpg,EBBETF0431,Edelweiss Mutual Fund - BHARAT Bond ETF - April 2031,,['EQ'],[],[],False,False,True,False,False,True,False,INF754K01LE1
97,EBBETF0430,Nifty BHARAT Bond,1200,1200,1185.95,1189.54,-0.24,-0.02,18230,21687866.4,,1247.9,1100,-,-,2.527106927996409,1.4905253099217648,1189.78,4.6766567833961155,-8.139999999999997,https://static.nseindia.com/sparklines/today/EBBETF0430EQN.jpg,2.55,06-Jul-2021,https://static.nseindia.com/sparklines/365d/EBBETF0430-EQ.jpg,06-Jun-2022,1.51,https://static.nseindia.com/sparklines/30d/EBBETF0430-EQ.jpg,EBBETF0430,Edelweiss Mutual Fund - BHARAT Bond  ETF - April 2030,,['EQ'],[],[],False,False,True,False,False,True,False,INF754K01KO2
98,LTGILTBEES,NIFTY 8-13 yr G-Sec Index,22.28,22.28,22.2,22.23,-0.01,-0.04,51151,1136063.71,,23.8,21.14,-,-,Infinity,0.6337709370756024,22.24,6.596638655462186,-5.156102175969725,https://static.nseindia.com/sparklines/today/LTGILTBEESEQN.jpg,-,-,-,06-Jun-2022,0.68,https://static.nseindia.com/sparklines/30d/LTGILTBEES-EQ.jpg,LTGILTBEES,NIPPON INDIA ETF LONG TERM GILT,,['EQ'],[],[],False,False,True,False,False,True,False,INF204KB1882
99,EBBETF0423,Nifty BHARAT Bond,1174,1178.83,1174,1177.15,-0.75,-0.06,5201,6124905.64,,1187.95,1135.03,-,-,3.63148164451096,0.8153267730359772,1177.9,0.9091291721031991,-3.7109151299965744,https://static.nseindia.com/sparklines/today/EBBETF0423EQN.jpg,3.7,06-Jul-2021,https://static.nseindia.com/sparklines/365d/EBBETF0423-EQ.jpg,06-Jun-2022,0.88,https://static.nseindia.com/sparklines/30d/EBBETF0423-EQ.jpg,EBBETF0423,Edelweiss Mutual Fund - BHARAT Bond  ETF - April 2023,,['EQ'],[],[],False,False,True,False,False,True,False,INF754K01KN4
100,GILT5YBEES,Nifty 5 yr Benchmark G-Sec Index,49.04,49.04,48.86,48.91,-0.03,-0.06,52067,2548158.98,,49.83,46.52,-,-,Infinity,0.7207578253706637,48.94,1.8462773429660881,-5.137575236457423,https://static.nseindia.com/sparklines/today/GILT5YBEESEQN.jpg,-,-,-,06-Jun-2022,0.78,https://static.nseindia.com/sparklines/30d/GILT5YBEES-EQ.jpg,GILT5YBEES,Nippon India Mutual Fund - Nippon India ETF 5 Year Gilt,,['EQ'],[],[],False,False,True,False,False,True,False,INF204KC1030
101,MOGSEC,Nifty 5 yr Benchmark G-Sec Index,48.95,48.95,48.84,48.88,-0.03,-0.06,1607,78598.37,,59.05,40.01,-,-,2.067237419085408,1.3266998341625218,48.91,17.22269263336155,-22.169457635591115,https://static.nseindia.com/sparklines/today/MOGSECEQN.jpg,2.13,06-Jul-2021,https://static.nseindia.com/sparklines/365d/MOGSEC-EQ.jpg,06-Jun-2022,1.39,https://static.nseindia.com/sparklines/30d/MOGSEC-EQ.jpg,MOGSEC,Motilal Oswal Mutual Fund - Motilal Oswal 5 Year G Sec ETF - Growth,,['EQ'],[],[],False,False,True,False,False,True,False,INF247L01AK4
102,SHARIABEES,Shariah,409.7,409.7,395.66,395.66,-0.46,-0.12,945,375930.45,,520,361.3,10-MAR-14,DIVIDEND-RS.2 PER UNIT,-3.0767723286463187,-1.3636476952608807,396.12,23.91153846153846,-9.51010240797122,https://static.nseindia.com/sparklines/today/SHARIABEESEQN.jpg,-2.96,06-Jul-2021,https://static.nseindia.com/sparklines/365d/SHARIABEES-EQ.jpg,06-Jun-2022,-1.25,https://static.nseindia.com/sparklines/30d/SHARIABEES-EQ.jpg,SHARIABEES,NIPPON INDIA ETF SHARIAH BEES,MUTUAL FUND,['EQ'],[],[],False,False,True,False,False,True,False,INF732E01128
103,SILVER,Physical price of Silver,58.2,59.3,58,58.67,-0.07,-0.12,79807,4692651.6,,78.5,57.94,-,-,Infinity,-8.741639446259144,58.74,25.261146496815282,-1.2599240593717709,https://static.nseindia.com/sparklines/today/SILVEREQN.jpg,-,-,-,06-Jun-2022,-8.63,https://static.nseindia.com/sparklines/30d/SILVER-EQ.jpg,SILVER,Aditya Birla Sun Life Mutual Fund - Aditya Birla Sun Life Silver ETF,,['EQ'],[],[],False,False,False,False,False,True,False,INF209KB19F6
104,SDL26BEES,Nifty SDL Apr 2026 Top 20 Equal Weight Index,106.4,106.95,106.19,106.25,-0.15,-0.14,201099,21425087.46,,106.95,102,-,-,Infinity,0.5583948514101869,106.4,0.6545114539504467,-4.166666666666667,https://static.nseindia.com/sparklines/today/SDL26BEESEQN.jpg,-,-,-,06-Jun-2022,0.7,https://static.nseindia.com/sparklines/30d/SDL26BEES-EQ.jpg,SDL26BEES,Nippon India Mutual Fund - ETF Nifty SDL - 2026 Maturity,,['EQ'],[],[],False,False,True,False,False,True,False,INF204KC1022
105,MAFANG,NYSE FANG+ Total Return Index,41.5,41.5,40.2,40.54,-0.06,-0.15,272732,11168375.4,,69,36.64,-,-,-26.04888726742065,-1.578052925467343,40.6,41.2463768115942,-10.644104803493446,https://static.nseindia.com/sparklines/today/MAFANGEQN.jpg,-25.94,06-Jul-2021,https://static.nseindia.com/sparklines/365d/MAFANG-EQ.jpg,06-Jun-2022,-1.43,https://static.nseindia.com/sparklines/30d/MAFANG-EQ.jpg,MAFANG,Mirae Asset Mutual Fund - Mirae Asset NYSE FANG+ ETF,,['EQ'],[],[],False,False,True,False,False,True,False,INF769K01HF4
106,SETF10GILT,Nifty 10 yr Benchmark G-Sec Index,200.5,200.5,200,200,-0.42,-0.21,11,2201.21,,239,184.7,-,-,-2.4390243902439024,1.8848700967906207,200.42,16.317991631799163,-8.283703302652958,https://static.nseindia.com/sparklines/today/SETF10GILTEQN.jpg,-2.23,06-Jul-2021,https://static.nseindia.com/sparklines/365d/SETF10GILT-EQ.jpg,06-Jun-2022,2.1,https://static.nseindia.com/sparklines/30d/SETF10GILT-EQ.jpg,SETF10GILT,SBI Mutual Fund - SBI-ETF 10 YEAR GILT ,MUTUAL FUND,['EQ'],[],[],False,False,True,False,False,True,False,INF200KA1JT1
107,BSLGOLDETF,Gold,50.5,50.5,45.74,46.05,-0.31,-0.67,6202,285229.98,,4729.1,42.6,25-NOV-21, FACE VALUE SPLIT (SUB-DIVISION) - FROM RS 10/- PER SHARE TO RE 0.10/- PER SHARE,-98.94498092717961,-1.0528577567683757,46.36,99.0262417796198,-8.098591549295763,https://static.nseindia.com/sparklines/today/BSLGOLDETFEQN.jpg,-98.94,06-Jul-2021,https://static.nseindia.com/sparklines/365d/BSLGOLDETF-EQ.jpg,06-Jun-2022,-0.39,https://static.nseindia.com/sparklines/30d/BSLGOLDETF-EQ.jpg,BSLGOLDETF,Aditya Birla Sun Life Gold ETF - Growth,MUTUAL FUND,['EQ'],[],[],False,False,False,False,False,True,False,INF209KB18D3
108,AXISGOLD,Gold,43.6,43.8,43.51,43.65,-0.38,-0.86,83225,3631939,,48.5,36.1,23-JUL-20, FACE VALUE SPLIT (SUB-DIVISION) - FROM RS 100/- PER SHARE TO RE 1/- PER SHARE,5.130057803468197,-1.065276518585673,44.03,10.000000000000002,-20.91412742382271,https://static.nseindia.com/sparklines/today/AXISGOLDEQN.jpg,6.05,06-Jul-2021,https://static.nseindia.com/sparklines/365d/AXISGOLD-EQ.jpg,06-Jun-2022,-0.2,https://static.nseindia.com/sparklines/30d/AXISGOLD-EQ.jpg,AXISGOLD,Axis Mutual Fund - Axis Gold ETF,MUTUAL FUND,['EQ'],[],[],False,False,False,False,False,True,False,INF846K01W80
109,HNGSNGBEES,Hang Seng Index,301.98,301.98,293.2,294.41,-2.94,-0.99,1821,538360.44,,366.6,264.55,19-DEC-19, FACE VALUE SPLIT (SUB-DIVISION) - FROM RS 10/- TO RS 1/-,-17.84059831444995,-5.933286471979038,297.35,19.69176213857065,-11.287091287091291,https://static.nseindia.com/sparklines/today/HNGSNGBEESEQN.jpg,-17.02,06-Jul-2021,https://static.nseindia.com/sparklines/365d/HNGSNGBEES-EQ.jpg,06-Jun-2022,-4.99,https://static.nseindia.com/sparklines/30d/HNGSNGBEES-EQ.jpg,HNGSNGBEES,NIPPON INDIA ETF HANG SENG BEES,MUTUAL FUND,['EQ'],[],[],False,False,True,False,False,True,False,INF204KB19I1
110,GOLDSHARE,Gold,43.95,44,43.45,43.6,-0.5,-1.13,73996,3229185.44,,46.95,36.3,25-MAR-21, FACE VALUE SPLIT (SUB-DIVISION) - FROM RS 100/- PER UNIT TO RE 1/- PER UNIT,4.8076923076923075,-0.796359499431175,44.1,7.135250266240684,-20.11019283746558,https://static.nseindia.com/sparklines/today/GOLDSHAREEQN.jpg,6.01,06-Jul-2021,https://static.nseindia.com/sparklines/365d/GOLDSHARE-EQ.jpg,06-Jun-2022,0.34,https://static.nseindia.com/sparklines/30d/GOLDSHARE-EQ.jpg,GOLDSHARE,UTI Mutual Fund - UTI Gold Exchange Traded Fund,MUTUAL FUND,['EQ'],[],[],False,False,False,False,False,True,False,INF789F1AUX7
111,SETFGOLD,Gold,45.24,45.24,44.72,44.92,-0.52,-1.14,1109311,49841343.23,,53.49,40.51,06-JAN-22,FACE VALUE SPLIT (SUB-DIVISION) - FROM RS 100/- PER SHARE TO RS 1/- PER SHARE,-98.94659084246936,-0.7292817679557974,45.44,16.02168629650402,-10.886200938039998,https://static.nseindia.com/sparklines/today/SETFGOLDEQN.jpg,-98.93,06-Jul-2021,https://static.nseindia.com/sparklines/365d/SETFGOLD-EQ.jpg,06-Jun-2022,0.42,https://static.nseindia.com/sparklines/30d/SETFGOLD-EQ.jpg,SETFGOLD,SBI-ETF Gold,MUTUAL FUND,['EQ'],[],[],False,False,False,False,False,True,False,INF200KA16D8
112,ICICIGOLD,Gold,44.9,44.9,44.6,44.79,-0.54,-1.19,227464,10174464.72,,51.6,37.1,15-NOV-18, FACE VALUE SPLIT (SUB-DIVISION) - FROM RS 10/- PER SHARE TO RS 1/- PER SHARE,5.264394829612226,-0.9728056599601984,45.33,13.197674418604656,-20.727762803234494,https://static.nseindia.com/sparklines/today/ICICIGOLDEQN.jpg,6.53,06-Jul-2021,https://static.nseindia.com/sparklines/365d/ICICIGOLD-EQ.jpg,06-Jun-2022,0.22,https://static.nseindia.com/sparklines/30d/ICICIGOLD-EQ.jpg,ICICIGOLD,ICICI Prudential Gold ETF,,['EQ'],[],[],False,False,False,False,False,True,False,INF109KC1NT3
113,MAHKTECH,Hang Seng TECH Total Return Index,16.48,16.48,15.99,16.18,-0.2,-1.22,118264,1900502.48,,23,11.44,-,-,Infinity,8.736559139784939,16.38,29.652173913043477,-41.43356643356643,https://static.nseindia.com/sparklines/today/MAHKTECHEQN.jpg,-,-,-,06-Jun-2022,10.08,https://static.nseindia.com/sparklines/30d/MAHKTECH-EQ.jpg,MAHKTECH,Mirae Asset Mutual Fund - Mirae Asset Hang Seng TECH ETF,,['EQ'],[],[],False,False,True,False,False,True,False,INF769K01HS7
114,KOTAKGOLD,Gold,43.85,44,43.51,43.73,-0.54,-1.22,137210,6012542.2,,49.1,39.88,22-JUL-21, FACE VALUE SPLIT (SUB-DIVISION) - FROM RS 10/- PER SHARE TO RE 1/- PER SHARE,-89.53952876450185,-1.7965416573096884,44.27,10.936863543788196,-9.653961885656956,https://static.nseindia.com/sparklines/today/KOTAKGOLDEQN.jpg,-89.41,06-Jul-2021,https://static.nseindia.com/sparklines/365d/KOTAKGOLD-EQ.jpg,06-Jun-2022,-0.58,https://static.nseindia.com/sparklines/30d/KOTAKGOLD-EQ.jpg,KOTAKGOLD,Kotak Mutual Fund - Gold Exchange Traded Fund,MUTUAL FUND,['EQ'],[],[],False,False,False,False,False,True,False,INF174KA1HJ8
115,GOLDBEES,Gold,44.9,44.9,43.18,43.6,-0.57,-1.29,7871542,342569507.84,,52.45,35.8,19-DEC-19, FACE VALUE SPLIT (SUB-DIVISION) - FROM RS 100/- TO RS 1/-,4.782504205719784,-0.9090909090909058,44.17,16.873212583412776,-21.78770949720672,https://static.nseindia.com/sparklines/today/GOLDBEESEQN.jpg,6.15,06-Jul-2021,https://static.nseindia.com/sparklines/365d/GOLDBEES-EQ.jpg,06-Jun-2022,0.39,https://static.nseindia.com/sparklines/30d/GOLDBEES-EQ.jpg,GOLDBEES,NIPPON INDIA ETF GOLD BEES,MUTUAL FUND,['EQ'],[],[],False,False,False,False,False,True,False,INF204KB17I5
116,IVZINGOLD,Gold,4537.05,4559.95,4521,4540,-60,-1.30,93,421887.06,,5579.9,3400.25,-,-,4.009163802978236,-1.3793852503529922,4600,18.636534704923022,-33.51959414748916,https://static.nseindia.com/sparklines/today/IVZINGOLDEQN.jpg,5.38,06-Jul-2021,https://static.nseindia.com/sparklines/365d/IVZINGOLD-EQ.jpg,06-Jun-2022,-0.08,https://static.nseindia.com/sparklines/30d/IVZINGOLD-EQ.jpg,IVZINGOLD,Invesco India Gold Exchange Traded Fund,,['EQ'],[],[],False,False,False,False,False,True,False,INF205K01361
117,IDBIGOLD,Gold,4721,4721,4645,4665,-69.35,-1.46,275,1283097.75,,5141.7,4200.1,-,-,5.8063052846450445,-1.16316023644568,4734.35,9.271252698523831,-11.068784076569596,https://static.nseindia.com/sparklines/today/IDBIGOLDEQN.jpg,7.38,06-Jul-2021,https://static.nseindia.com/sparklines/365d/IDBIGOLD-EQ.jpg,06-Jun-2022,0.31,https://static.nseindia.com/sparklines/30d/IDBIGOLD-EQ.jpg,IDBIGOLD,IDBI Mutual Fund - IDBI Gold Exchange Traded Fund,MUTUAL FUND,['EQ'],[],[],False,False,False,False,False,True,False,INF397L01554
118,HDFCMFGETF,Gold,45,45.09,44.68,44.77,-0.67,-1.47,530984,23782773.36,,49.7,39,17-FEB-21, FACE VALUE SPLIT (SUB-DIVISION) - FROM RS 100/- PER UNIT TO RE 1/- PER UNIT,4.970691676436119,-0.907481186365641,45.44,9.919517102615693,-14.794871794871804,https://static.nseindia.com/sparklines/today/HDFCMFGETFEQN.jpg,6.54,06-Jul-2021,https://static.nseindia.com/sparklines/365d/HDFCMFGETF-EQ.jpg,06-Jun-2022,0.58,https://static.nseindia.com/sparklines/30d/HDFCMFGETF-EQ.jpg,HDFCMFGETF,HDFC Mutual Fund-HDFC Gold Exchange Traded Fund,MUTUAL FUND,['EQ'],[],[],False,False,False,False,False,True,False,INF179KC1981
119,QGOLDHALF,Gold,43.65,43.65,43.29,43.36,-0.72,-1.63,21625,937660,,49.6,36.05,16-DEC-21, FACE VALUE SPLIT (SUB-DIVISION) - FROM RS 100 PER SHARE TO RS 2 PER SHARE,-97.90743689976352,-0.9367146447338444,44.08,12.580645161290327,-20.277392510402226,https://static.nseindia.com/sparklines/today/QGOLDHALFEQN.jpg,-97.87,06-Jul-2021,https://static.nseindia.com/sparklines/365d/QGOLDHALF-EQ.jpg,06-Jun-2022,0.71,https://static.nseindia.com/sparklines/30d/QGOLDHALF-EQ.jpg,QGOLDHALF,Quantum Gold Fund -Exchange Traded Fund (ETF),MUTUAL FUND,['EQ'],[],[],False,False,False,False,False,True,False,INF082J01408
120,IDFNIFTYET,Nifty 50,173.3,175.9,167.35,171.25,-4.65,-2.64,555,95154.75,,223,155,-,-,3.063312469908524,-2.516081288780092,175.9,23.206278026905828,-10.483870967741936,https://static.nseindia.com/sparklines/today/IDFNIFTYETEQN.jpg,5.86,06-Jul-2021,https://static.nseindia.com/sparklines/365d/IDFNIFTYET-EQ.jpg,06-Jun-2022,0.13,https://static.nseindia.com/sparklines/30d/IDFNIFTYET-EQ.jpg,IDFNIFTYET,IDFC Mutual Fund - IDFC Nifty ETF,,['EQ'],[],[],False,False,True,False,False,True,False,INF194KA1U07
